student_id,sleep_duration,study_hours,screen_time,stress_level,burnout_score,burnout_binary,physical_activity,social_interaction,date_added
1,7.48,7.7,8.95,6.49,0.444,0,7.17,6.72,
2,8.84,6.48,6.45,5.22,0.339,0,6.07,2.88,
3,5.06,5.81,6.34,6.8,0.456,0,0.09,6.15,
4,6.5,5.45,7.95,8.55,0.516,1,1.61,0.0,
5,6.34,6.06,6.91,5.03,0.314,0,2.34,6.72,
6,6.5,5.6,6.42,5.03,0.403,0,1.74,1.36,
7,5.31,7.81,9.38,8.66,0.62,1,3.85,5.04,
8,5.53,6.77,9.21,7.03,0.5,0,4.3,4.25,
9,7.18,6.4,7.23,4.56,0.411,0,2.88,8.38,
10,5.69,4.83,9.59,6.59,0.544,1,2.55,2.56,
11,7.4,6.81,5.45,4.57,0.276,0,7.6,0.0,
12,7.08,5.12,6.62,4.57,0.317,0,7.21,0.0,
13,6.47,8.51,6.7,5.98,0.433,0,2.18,7.07,
14,7.09,2.64,3.01,1.67,0.126,0,8.89,4.91,
15,7.31,6.42,6.35,2.05,0.318,0,9.22,7.34,
16,7.94,5.05,6.67,4.38,0.314,0,2.61,1.47,
17,7.96,3.41,8.65,3.47,0.28,0,3.02,2.76,
18,5.68,4.73,8.19,6.13,0.362,0,4.14,0.0,
19,7.49,3.99,4.98,3.68,0.308,0,8.86,8.88,
20,8.45,4.71,9.16,2.68,0.215,0,8.36,6.14,
21,4.3,7.16,10.01,8.43,0.642,1,0.0,7.65,
22,7.53,4.16,7.76,5.05,0.374,0,3.17,1.65,
23,6.15,5.22,6.85,5.64,0.491,0,4.69,4.99,
24,8.28,7.27,5.31,2.65,0.204,0,4.63,6.25,
25,6.41,7.36,6.65,4.41,0.25,0,1.28,2.29,
26,4.98,5.94,8.96,5.72,0.504,1,7.73,7.34,
27,5.91,4.34,9.28,3.2,0.452,0,6.29,8.83,
28,6.67,5.68,9.73,6.25,0.534,1,7.44,7.6,
29,7.47,5.64,6.19,4.3,0.347,0,7.94,6.53,
30,6.12,3.43,5.06,4.92,0.326,0,6.75,1.79,
31,7.85,4.33,6.94,4.3,0.357,0,3.75,1.96,
32,4.08,4.18,5.28,9.2,0.522,1,4.72,7.79,
33,6.79,5.79,7.72,5.47,0.442,0,0.78,0.0,
34,6.27,5.32,6.42,3.38,0.362,0,6.23,6.48,
35,5.7,5.13,6.86,7.15,0.54,1,0.72,5.63,
36,7.63,6.58,4.36,3.06,0.418,0,6.48,5.62,
37,5.86,3.53,7.78,5.92,0.448,0,1.41,8.72,
38,7.64,1.44,4.81,1.58,0.134,0,0.94,2.8,
39,8.65,4.47,4.63,2.84,0.216,0,1.23,2.83,
40,6.15,6.93,3.2,5.89,0.322,0,0.0,0.0,
41,7.24,8.32,7.95,6.98,0.463,0,6.14,3.03,
42,5.62,4.65,9.82,5.84,0.453,0,6.45,1.44,
43,7.45,6.73,9.82,5.27,0.406,0,4.36,2.38,
44,8.47,4.9,6.27,4.9,0.328,0,0.88,7.37,
45,5.27,3.76,5.3,2.54,0.258,0,0.45,8.85,
46,6.49,5.95,7.61,4.06,0.434,0,0.0,1.05,
47,7.7,5.81,5.52,4.58,0.334,0,0.97,2.81,
48,6.01,3.68,7.91,7.61,0.487,0,7.77,7.76,
49,7.01,7.69,8.85,6.19,0.462,0,1.49,0.0,
50,7.3,5.86,8.21,1.97,0.296,0,3.25,0.53,
51,6.74,4.52,7.06,6.15,0.458,0,0.13,0.4,
52,6.93,5.49,6.7,4.73,0.328,0,1.51,5.01,
53,8.42,5.4,5.53,4.15,0.261,0,4.57,0.68,
54,6.74,6.08,6.35,6.72,0.435,0,5.07,8.34,
55,6.57,5.2,7.33,7.56,0.417,0,1.32,2.95,
56,5.88,4.94,8.13,7.36,0.462,0,0.0,3.54,
57,6.87,4.49,8.0,3.82,0.319,0,3.34,1.7,
58,6.6,6.71,6.02,4.88,0.438,0,1.61,3.73,
59,7.05,6.28,9.72,6.16,0.48,0,1.27,5.39,
60,5.84,5.42,7.27,7.45,0.513,1,8.48,6.02,
61,7.43,5.97,7.0,4.54,0.404,0,5.48,6.63,
62,9.04,0.78,5.28,5.13,0.235,0,4.8,4.75,
63,8.38,6.04,3.09,3.29,0.263,0,3.66,8.39,
64,7.24,1.63,7.35,3.11,0.254,0,3.82,7.55,
65,7.56,5.31,8.68,7.13,0.473,0,4.34,6.15,
66,5.63,4.61,7.32,8.21,0.495,0,5.73,0.0,
67,4.86,3.2,6.92,5.36,0.299,0,6.22,0.0,
68,5.24,7.74,8.81,7.51,0.567,1,0.59,0.62,
69,4.76,4.79,4.93,6.22,0.523,1,4.07,5.39,
70,6.89,5.2,6.04,4.21,0.388,0,3.49,3.27,
71,6.65,5.42,8.56,6.22,0.502,1,7.77,2.78,
72,7.6,7.15,6.33,8.58,0.568,1,5.03,7.13,
73,7.2,5.29,7.59,5.43,0.401,0,4.51,7.87,
74,5.69,4.53,5.8,8.63,0.527,1,0.0,7.37,
75,9.03,4.89,6.68,1.0,0.143,0,5.91,2.94,
76,4.15,5.12,7.5,7.14,0.522,1,0.1,5.48,
77,7.03,2.93,4.44,5.67,0.367,0,2.52,1.58,
78,7.8,4.32,8.62,4.9,0.421,0,0.69,0.93,
79,5.32,7.52,6.45,5.68,0.468,0,6.07,0.71,
80,9.19,4.89,4.9,1.52,0.143,0,1.83,3.12,
81,7.32,4.5,7.24,5.06,0.365,0,3.16,3.29,
82,6.22,4.96,9.02,6.21,0.495,0,8.02,7.07,
83,6.6,5.9,6.48,8.46,0.442,0,0.77,0.0,
84,9.43,7.9,7.39,4.46,0.221,0,4.41,6.46,
85,7.52,5.13,7.38,3.88,0.301,0,3.61,4.54,
86,7.4,5.44,7.98,4.5,0.304,0,0.0,1.98,
87,5.84,7.48,8.22,7.33,0.515,1,6.83,3.46,
88,5.8,5.82,6.86,6.16,0.452,0,0.0,1.77,
89,8.0,4.39,5.53,4.44,0.278,0,4.08,5.07,
90,5.69,5.32,7.56,6.53,0.55,1,4.63,3.03,
91,6.86,5.17,5.59,5.69,0.405,0,5.43,0.51,
92,5.79,5.92,3.37,7.44,0.477,0,5.77,0.0,
93,7.75,5.73,7.54,4.1,0.371,0,1.92,4.65,
94,7.38,5.02,8.32,4.84,0.319,0,0.0,8.06,
95,8.12,5.99,3.53,4.72,0.357,0,6.53,2.5,
96,7.22,3.91,4.71,2.57,0.237,0,4.97,6.82,
97,6.4,5.55,8.29,6.09,0.488,0,7.45,5.37,
98,5.71,2.41,9.95,6.02,0.393,0,7.31,8.11,
99,6.4,6.58,7.4,5.51,0.36,0,7.61,7.11,
100,7.37,5.53,6.0,5.03,0.402,0,4.1,4.66,
101,8.46,5.56,6.23,2.67,0.271,0,2.94,6.04,
102,6.18,0.52,8.3,4.66,0.294,0,7.22,8.05,
103,7.93,8.06,6.44,4.81,0.337,0,3.79,3.03,
104,8.69,4.35,5.43,3.9,0.317,0,1.25,2.49,
105,7.36,6.73,6.58,5.18,0.332,0,7.77,0.0,
106,8.48,3.96,5.74,6.31,0.432,0,7.88,7.0,
107,4.94,7.63,8.65,9.27,0.595,1,3.27,6.16,
108,5.5,3.76,9.46,5.85,0.492,0,0.0,0.0,
109,4.92,4.47,7.66,6.02,0.453,0,2.98,4.57,
110,8.39,8.01,7.16,5.35,0.424,0,7.23,3.57,
111,8.66,3.38,5.48,1.66,0.143,0,8.77,0.85,
112,6.81,5.5,4.84,5.45,0.369,0,1.22,8.72,
113,7.09,6.55,8.71,5.62,0.44,0,0.0,1.02,
114,4.37,7.74,8.54,10.0,0.632,1,7.27,0.0,
115,9.41,5.27,6.8,5.12,0.351,0,3.13,4.93,
116,6.8,5.99,12.21,6.1,0.473,0,4.5,6.17,
117,6.98,8.78,8.12,5.43,0.448,0,8.87,0.0,
118,8.28,4.18,5.29,3.16,0.193,0,0.19,5.95,
119,6.65,6.42,7.27,7.79,0.378,0,5.32,3.77,
120,6.62,7.38,9.58,7.0,0.513,1,0.0,0.0,
121,5.58,7.49,8.06,7.08,0.657,1,2.69,0.31,
122,7.87,6.25,4.7,3.68,0.334,0,7.49,4.94,
123,7.89,7.28,9.55,8.31,0.53,1,3.09,1.3,
124,9.04,2.36,5.03,2.7,0.163,0,9.57,8.84,
125,8.09,8.12,10.7,6.67,0.496,0,4.59,6.85,
126,5.02,5.23,9.88,9.88,0.668,1,1.73,7.86,
127,6.45,4.86,5.94,3.52,0.265,0,1.67,1.89,
128,7.06,3.62,8.56,4.37,0.407,0,2.85,8.82,
129,6.85,5.18,7.3,5.7,0.447,0,2.87,3.17,
130,8.25,5.29,8.2,4.49,0.378,0,0.01,2.58,
131,6.09,4.44,6.99,2.4,0.324,0,3.34,0.02,
132,8.34,5.89,6.02,5.64,0.362,0,3.8,0.0,
133,7.33,6.77,5.89,3.38,0.355,0,6.72,6.25,
134,6.14,6.26,9.1,6.45,0.524,1,5.6,3.29,
135,6.39,4.1,6.03,3.66,0.303,0,6.54,1.53,
136,4.27,7.89,7.73,8.6,0.599,1,0.0,4.42,
137,8.14,6.36,5.5,3.93,0.312,0,1.59,1.74,
138,7.12,3.1,7.31,4.86,0.422,0,5.89,4.81,
139,5.07,6.75,10.89,7.13,0.515,1,3.77,2.17,
140,6.29,5.27,4.95,3.04,0.231,0,0.0,7.63,
141,6.38,4.94,7.27,5.95,0.437,0,7.15,7.02,
142,7.73,8.31,10.39,8.11,0.556,1,6.51,3.15,
143,7.55,3.69,6.01,2.29,0.243,0,5.14,3.05,
144,5.24,5.54,7.98,5.87,0.487,0,0.0,2.45,
145,6.45,5.15,5.68,6.02,0.401,0,6.76,6.85,
146,6.11,5.85,8.29,7.06,0.575,1,4.78,1.87,
147,4.9,2.57,5.86,3.03,0.236,0,7.37,1.49,
148,7.59,1.98,7.49,2.86,0.206,0,7.09,0.28,
149,6.31,8.01,9.62,6.54,0.519,1,7.05,3.36,
150,7.37,4.17,11.03,6.09,0.36,0,4.27,3.6,
151,8.55,3.91,7.96,6.0,0.355,0,0.5,7.21,
152,7.77,2.25,7.37,6.19,0.444,0,5.78,0.97,
153,6.99,3.7,6.88,4.14,0.327,0,5.58,2.98,
154,5.6,3.4,6.47,5.96,0.43,0,6.53,6.89,
155,9.25,7.9,8.21,6.09,0.345,0,0.79,7.02,
156,7.34,6.14,6.5,4.07,0.313,0,1.34,3.03,
157,5.74,5.66,8.41,9.23,0.567,1,7.52,2.74,
158,6.54,8.96,9.93,6.45,0.516,1,6.53,1.74,
159,7.76,5.72,5.13,3.12,0.339,0,8.61,8.7,
160,6.31,5.24,9.2,6.81,0.517,1,6.57,0.0,
161,6.86,0.67,7.96,3.55,0.223,0,5.44,8.63,
162,5.83,9.27,7.98,7.07,0.566,1,5.48,5.42,
163,6.12,4.04,4.38,7.82,0.477,0,7.72,3.75,
164,6.8,2.08,5.36,3.86,0.336,0,5.21,0.0,
165,5.56,7.5,9.93,7.43,0.652,1,5.21,3.27,
166,6.71,9.19,7.93,6.33,0.451,0,0.62,2.81,
167,6.1,7.93,6.48,7.14,0.47,0,3.67,0.18,
168,7.22,7.56,7.7,9.29,0.502,1,5.77,4.71,
169,4.35,5.9,8.4,5.01,0.468,0,1.96,8.71,
170,8.39,5.88,7.7,3.99,0.346,0,1.42,4.82,
171,8.63,5.63,6.42,3.72,0.337,0,2.58,6.4,
172,5.27,4.97,6.16,3.87,0.369,0,1.83,0.0,
173,6.55,5.29,6.54,5.35,0.383,0,1.35,3.11,
174,6.27,5.38,5.97,6.18,0.437,0,3.32,0.0,
175,5.28,4.29,9.58,6.05,0.441,0,8.17,4.92,
176,5.58,5.44,7.12,7.15,0.603,1,4.0,7.95,
177,5.73,2.67,8.61,5.53,0.336,0,1.05,5.51,
178,7.73,6.22,10.32,8.41,0.543,1,0.0,0.0,
179,7.94,3.51,8.27,4.97,0.444,0,6.22,2.55,
180,6.77,5.34,7.65,10.0,0.57,1,2.33,3.51,
181,7.2,5.97,8.19,6.75,0.451,0,7.21,2.68,
182,6.24,6.6,6.9,3.79,0.358,0,6.03,7.58,
183,6.97,5.72,5.34,3.36,0.3,0,7.46,7.48,
184,7.05,3.23,7.59,6.46,0.476,0,1.75,4.83,
185,5.76,3.54,5.03,5.05,0.256,0,6.17,2.72,
186,7.13,7.18,9.59,6.93,0.58,1,1.6,1.17,
187,6.33,4.1,6.53,6.45,0.355,0,8.42,0.0,
188,6.52,4.8,7.36,5.35,0.39,0,5.56,2.48,
189,8.07,5.35,7.18,3.81,0.29,0,2.67,3.37,
190,8.2,2.54,5.61,2.47,0.23,0,2.32,6.26,
191,6.76,5.0,7.78,4.61,0.298,0,1.22,5.66,
192,7.5,3.88,6.67,7.21,0.442,0,5.86,0.0,
193,5.64,4.47,8.46,5.93,0.558,1,1.3,2.77,
194,8.21,4.68,4.44,3.01,0.167,0,5.5,1.22,
195,7.34,2.95,7.09,5.85,0.377,0,1.77,0.4,
196,6.31,6.17,10.4,6.27,0.465,0,5.68,7.02,
197,7.71,4.46,5.1,3.73,0.302,0,7.59,0.0,
198,5.51,6.15,6.36,5.81,0.455,0,6.91,3.03,
199,7.74,5.58,8.01,5.62,0.366,0,6.77,0.56,
200,7.35,6.33,7.02,3.21,0.347,0,1.4,8.15,
201,6.11,5.67,7.93,6.22,0.554,1,0.0,4.33,
202,7.56,5.0,8.14,6.62,0.421,0,6.0,0.99,
203,5.5,6.25,8.81,7.67,0.587,1,2.53,3.49,
204,4.81,6.86,9.6,7.61,0.522,1,3.18,5.79,
205,6.12,4.17,6.93,2.74,0.261,0,0.0,9.03,
206,8.02,4.51,6.22,3.62,0.306,0,2.05,1.48,
207,5.26,4.56,8.33,6.53,0.562,1,0.0,7.56,
208,8.3,4.62,10.17,6.53,0.445,0,7.81,8.04,
209,4.46,3.51,6.96,6.53,0.462,0,1.45,7.86,
210,7.2,9.62,7.48,10.0,0.617,1,4.07,4.35,
211,6.72,3.79,8.89,6.64,0.385,0,0.0,4.97,
212,6.07,5.07,7.52,7.77,0.536,1,5.5,2.48,
213,5.73,4.89,4.33,7.41,0.504,1,2.12,6.04,
214,6.86,7.06,9.03,6.8,0.475,0,7.96,3.95,
215,7.0,4.51,6.09,4.87,0.329,0,8.15,5.8,
216,7.5,7.68,7.77,7.02,0.494,0,2.2,2.88,
217,7.43,3.57,7.02,3.95,0.285,0,8.42,6.52,
218,7.14,5.43,7.36,5.03,0.38,0,9.21,7.24,
219,6.78,3.56,7.73,4.53,0.459,0,7.57,0.56,
220,6.74,8.48,7.04,5.66,0.444,0,7.6,7.2,
221,5.81,5.22,9.05,10.0,0.595,1,0.99,3.4,
222,6.26,4.17,5.68,1.77,0.222,0,5.5,8.09,
223,5.09,6.7,8.83,6.87,0.579,1,0.0,2.94,
224,8.56,4.53,7.17,2.27,0.223,0,0.61,3.34,
225,7.3,4.54,5.42,4.56,0.293,0,9.31,8.24,
226,6.01,5.88,9.43,7.68,0.606,1,2.11,0.98,
227,6.83,5.32,6.4,5.63,0.47,0,6.64,7.32,
228,7.84,4.12,7.67,3.34,0.26,0,7.56,4.17,
229,6.74,6.07,7.48,4.07,0.278,0,7.97,4.33,
230,5.66,9.06,10.83,6.86,0.634,1,8.95,1.71,
231,7.48,3.78,6.24,4.04,0.267,0,1.81,4.92,
232,5.74,3.32,6.46,5.93,0.452,0,0.0,2.07,
233,7.23,5.1,7.13,5.59,0.295,0,3.27,0.0,
234,5.54,8.55,6.88,4.2,0.482,0,0.67,1.88,
235,6.59,5.71,9.5,9.79,0.535,1,0.0,0.0,
236,6.94,8.17,5.49,6.77,0.502,1,2.59,8.43,
237,8.32,6.1,4.7,1.45,0.202,0,7.62,9.37,
238,7.72,4.52,5.54,5.87,0.313,0,4.78,2.78,
239,8.91,5.52,8.3,4.18,0.297,0,2.5,6.45,
240,7.35,8.32,10.62,7.2,0.57,1,5.46,2.02,
241,5.48,4.0,6.42,3.91,0.363,0,1.73,5.93,
242,5.64,4.8,6.78,5.27,0.447,0,0.0,7.0,
243,5.92,4.73,7.44,6.51,0.559,1,6.67,8.17,
244,6.36,4.37,9.21,7.23,0.412,0,5.15,2.56,
245,8.09,3.27,4.87,3.1,0.308,0,7.16,7.21,
246,6.32,3.1,7.03,4.83,0.367,0,0.0,1.69,
247,7.32,4.87,8.33,4.55,0.321,0,7.69,8.99,
248,6.49,3.52,7.33,4.19,0.278,0,5.57,0.0,
249,5.18,6.96,8.59,9.03,0.606,1,4.28,4.23,
250,5.2,3.19,8.56,6.31,0.511,1,5.3,5.33,
251,6.68,4.69,2.39,2.98,0.245,0,8.2,6.28,
252,4.95,7.18,8.93,7.34,0.645,1,4.77,0.0,
253,4.6,3.91,7.04,9.74,0.521,1,4.35,7.44,
254,7.28,6.59,5.13,7.56,0.456,0,8.77,0.3,
255,6.81,5.83,7.26,2.46,0.244,0,7.2,5.74,
256,9.77,3.0,8.64,4.53,0.292,0,3.74,1.32,
257,6.58,8.72,8.11,8.03,0.605,1,5.87,1.47,
258,7.46,5.26,8.24,4.08,0.329,0,3.28,4.65,
259,5.73,4.5,9.69,6.39,0.356,0,1.33,2.89,
260,7.09,5.74,9.6,7.05,0.498,0,4.91,0.19,
261,6.83,5.3,9.17,3.65,0.386,0,8.73,0.98,
262,7.01,5.27,8.25,5.38,0.428,0,8.48,3.11,
263,10.76,4.21,5.99,1.0,0.169,0,3.27,7.37,
264,7.37,3.0,3.91,3.45,0.19,0,4.76,8.29,
265,8.15,5.25,6.67,4.99,0.377,0,1.37,0.0,
266,6.9,2.08,4.8,3.0,0.299,0,9.51,3.33,
267,5.84,6.34,11.4,8.76,0.525,1,8.5,0.0,
268,9.48,2.7,5.8,2.64,0.192,0,6.1,0.0,
269,6.49,3.74,6.9,4.62,0.332,0,7.35,5.69,
270,8.58,7.16,8.34,5.76,0.402,0,6.29,4.87,
271,6.69,7.99,8.36,8.38,0.58,1,4.67,0.0,
272,7.15,4.97,8.94,2.63,0.288,0,0.14,1.81,
273,6.78,4.49,6.7,7.83,0.436,0,3.37,0.0,
274,7.82,4.73,7.38,5.52,0.374,0,5.92,7.25,
275,8.06,6.23,5.71,3.54,0.242,0,6.24,9.04,
276,5.0,5.78,5.49,6.42,0.419,0,2.77,0.07,
277,6.0,8.84,6.88,5.9,0.522,1,8.53,1.14,
278,6.96,5.31,6.82,4.3,0.297,0,1.03,7.82,
279,6.73,5.54,6.6,5.64,0.441,0,4.16,8.14,
280,7.7,4.43,5.81,4.73,0.347,0,6.2,3.25,
281,6.96,5.49,5.15,5.73,0.3,0,6.11,0.0,
282,5.12,5.5,7.41,6.82,0.47,0,5.46,0.0,
283,6.28,7.53,6.04,8.67,0.608,1,1.45,4.01,
284,8.2,5.64,7.74,3.02,0.242,0,1.11,3.32,
285,6.13,5.73,8.42,9.77,0.572,1,4.89,0.0,
286,9.1,1.64,3.46,1.6,0.129,0,5.75,5.51,
287,7.77,2.32,6.18,5.2,0.352,0,1.01,0.0,
288,6.96,6.43,6.51,6.68,0.437,0,6.05,6.54,
289,6.61,3.77,7.56,6.06,0.383,0,3.64,1.85,
290,5.56,1.47,8.3,4.25,0.426,0,6.04,0.0,
291,7.4,5.62,4.3,5.08,0.429,0,7.61,4.87,
292,7.35,8.55,7.58,4.51,0.456,0,1.02,3.07,
293,7.48,4.72,6.55,4.32,0.333,0,0.0,8.87,
294,5.06,7.14,8.88,7.2,0.52,1,6.71,4.0,
295,5.55,5.61,7.71,6.21,0.434,0,5.16,1.51,
296,8.32,4.5,5.58,4.11,0.309,0,6.38,6.27,
297,6.27,7.3,7.44,7.3,0.536,1,7.29,1.26,
298,7.35,5.01,6.09,6.11,0.464,0,7.11,7.82,
299,6.39,6.25,9.33,7.13,0.546,1,8.54,2.32,
300,6.5,6.19,7.65,6.76,0.401,0,4.35,4.15,
301,8.29,3.53,9.34,3.84,0.36,0,4.31,0.0,
302,6.67,6.24,6.94,4.38,0.33,0,3.36,3.39,
303,6.5,5.54,6.52,6.99,0.442,0,0.49,6.92,
304,6.02,4.55,5.09,6.72,0.445,0,4.72,6.71,
305,6.43,5.99,4.56,5.46,0.491,0,1.95,1.15,
306,6.47,3.95,4.65,5.73,0.527,1,8.35,1.11,
307,6.31,6.26,8.35,8.06,0.567,1,4.62,6.56,
308,6.73,4.71,7.55,4.32,0.353,0,5.28,8.44,
309,7.78,7.27,5.37,6.59,0.448,0,2.56,0.0,
310,6.08,5.75,8.48,5.1,0.478,0,0.0,3.48,
311,6.79,4.99,6.29,5.06,0.359,0,0.0,2.36,
312,5.75,7.31,8.24,7.7,0.643,1,3.08,7.17,
313,7.8,7.95,10.4,7.15,0.525,1,0.0,0.0,
314,6.56,6.69,9.13,7.13,0.538,1,5.0,0.69,
315,7.1,6.26,7.56,8.11,0.54,1,7.59,5.9,
316,5.35,3.25,5.54,5.54,0.418,0,8.0,0.0,
317,6.71,4.15,4.11,6.86,0.443,0,5.56,3.55,
318,7.93,4.49,5.82,4.88,0.293,0,1.38,3.45,
319,6.74,4.55,6.9,6.15,0.387,0,7.71,2.11,
320,7.99,4.82,5.55,5.24,0.281,0,8.07,2.9,
321,6.27,5.36,7.03,5.69,0.448,0,1.11,4.16,
322,7.9,6.47,7.76,6.69,0.479,0,6.37,0.28,
323,9.64,4.44,6.29,3.86,0.269,0,2.29,4.95,
324,5.23,7.6,7.59,9.68,0.717,1,6.57,6.12,
325,7.01,4.49,6.8,3.49,0.312,0,9.45,6.9,
326,9.03,1.27,6.62,3.07,0.227,0,0.0,0.92,
327,7.73,4.72,6.03,7.82,0.383,0,7.8,0.0,
328,5.85,5.62,9.73,7.08,0.504,1,5.16,1.27,
329,6.06,3.88,7.12,6.75,0.483,0,8.72,2.26,
330,6.19,6.6,7.71,6.76,0.534,1,3.64,2.73,
331,5.51,7.49,8.55,5.48,0.474,0,7.65,5.7,
332,6.47,6.31,7.22,3.71,0.363,0,0.07,0.0,
333,5.8,4.94,8.58,5.65,0.375,0,2.51,0.0,
334,6.49,6.89,7.5,4.15,0.375,0,0.05,3.09,
335,6.23,6.2,6.87,7.45,0.543,1,8.64,5.48,
336,7.17,4.58,7.53,5.21,0.407,0,7.39,0.89,
337,8.9,3.62,4.79,3.85,0.26,0,7.95,5.65,
338,6.04,4.49,7.05,4.86,0.393,0,8.65,1.63,
339,7.59,4.95,7.27,6.33,0.409,0,0.0,7.6,
340,6.97,5.0,6.53,4.37,0.316,0,3.2,8.08,
341,7.29,4.78,6.49,3.86,0.353,0,0.13,2.2,
342,7.38,5.4,4.48,5.99,0.395,0,1.21,1.1,
343,5.58,6.05,6.58,5.99,0.484,0,1.4,2.92,
344,7.54,6.58,7.25,4.49,0.342,0,4.02,1.51,
345,7.3,6.25,7.32,4.56,0.266,0,2.0,5.81,
346,7.2,3.16,5.42,5.96,0.413,0,0.12,7.07,
347,8.01,0.5,7.62,2.6,0.183,0,1.28,6.21,
348,10.15,5.48,5.19,2.69,0.148,0,1.07,7.71,
349,6.64,2.57,7.86,4.06,0.363,0,9.12,3.16,
350,6.45,4.69,7.61,5.07,0.377,0,6.83,0.55,
351,6.04,3.69,6.12,6.12,0.465,0,8.76,6.16,
352,5.41,3.68,10.33,8.45,0.594,1,3.13,1.91,
353,5.7,6.7,6.02,7.22,0.535,1,1.7,5.27,
354,8.13,6.21,8.61,5.18,0.319,0,7.21,1.67,
355,8.28,4.32,8.51,5.46,0.426,0,2.44,0.0,
356,6.88,0.51,4.94,3.49,0.249,0,2.47,9.23,
357,6.03,4.37,9.11,5.46,0.418,0,1.51,0.47,
358,7.49,5.56,6.69,4.92,0.37,0,0.56,8.9,
359,6.1,3.24,7.46,6.15,0.332,0,1.64,8.54,
360,7.98,4.81,7.07,3.85,0.327,0,2.98,7.17,
361,6.74,5.59,7.27,6.54,0.397,0,5.76,5.29,
362,4.41,7.3,9.45,8.57,0.568,1,0.0,4.06,
363,8.46,5.29,8.3,5.28,0.289,0,1.31,7.6,
364,8.4,4.06,4.56,6.3,0.394,0,7.14,1.63,
365,5.82,7.55,9.81,6.88,0.514,1,0.44,3.3,
366,6.7,4.64,4.38,4.7,0.412,0,2.72,5.25,
367,7.0,5.34,8.84,5.95,0.41,0,7.75,2.92,
368,7.18,3.81,8.64,5.53,0.307,0,0.72,3.17,
369,7.45,4.61,5.48,5.7,0.307,0,0.0,2.16,
370,9.32,3.25,5.86,3.95,0.297,0,4.25,4.85,
371,6.66,4.96,5.47,5.55,0.377,0,2.19,7.4,
372,5.75,8.17,7.53,6.5,0.487,0,4.66,0.72,
373,4.6,4.3,7.28,8.4,0.563,1,6.78,7.66,
374,5.54,3.55,8.56,7.42,0.524,1,0.26,5.41,
375,5.52,9.13,10.79,9.81,0.747,1,4.34,6.27,
376,9.1,4.27,8.73,3.97,0.365,0,4.46,4.77,
377,5.81,4.89,6.7,7.24,0.464,0,0.35,6.35,
378,6.96,6.91,7.19,5.87,0.37,0,5.36,0.0,
379,5.52,6.04,5.85,9.88,0.567,1,1.25,6.21,
380,8.52,7.29,5.86,3.88,0.326,0,4.3,0.0,
381,9.88,5.55,8.23,3.82,0.229,0,0.25,8.14,
382,6.68,3.99,9.1,4.3,0.324,0,3.95,9.06,
383,7.63,6.74,4.47,1.25,0.237,0,2.88,2.69,
384,8.21,3.87,5.8,4.45,0.289,0,7.56,1.21,
385,7.99,5.71,6.81,3.98,0.322,0,0.0,6.86,
386,8.61,5.77,7.74,5.8,0.341,0,3.32,1.37,
387,7.23,7.43,6.45,6.18,0.427,0,3.66,7.42,
388,5.37,9.04,9.31,9.25,0.61,1,5.86,0.0,
389,6.87,6.01,7.04,7.4,0.523,1,4.63,0.0,
390,8.3,3.61,6.61,4.35,0.343,0,6.02,8.92,
391,8.21,5.17,7.52,3.7,0.213,0,7.22,6.0,
392,7.06,4.58,7.32,6.48,0.377,0,7.65,7.17,
393,8.71,7.16,6.13,2.86,0.198,0,2.71,2.67,
394,6.92,6.87,8.16,9.16,0.532,1,4.01,4.93,
395,7.52,5.6,7.67,7.86,0.474,0,7.22,4.37,
396,7.78,5.1,6.35,4.56,0.259,0,9.21,5.12,
397,7.71,1.81,5.4,2.07,0.142,0,8.58,6.41,
398,6.18,4.83,10.17,8.21,0.498,0,2.48,4.11,
399,8.13,6.91,8.2,5.27,0.406,0,1.16,3.24,
400,5.29,5.2,7.33,7.98,0.538,1,3.7,1.16,
401,8.18,2.35,6.98,2.31,0.175,0,7.07,7.22,
402,6.82,5.53,6.4,4.3,0.365,0,4.28,1.4,
403,6.88,6.98,9.18,5.51,0.425,0,4.01,5.82,
404,8.1,6.32,7.9,5.59,0.382,0,7.54,1.21,
405,7.31,6.33,6.94,4.6,0.455,0,2.92,5.33,
406,6.52,4.56,8.04,6.75,0.524,1,7.59,6.12,
407,6.13,2.21,3.82,3.36,0.198,0,3.56,1.51,
408,7.68,7.34,5.71,5.22,0.423,0,2.5,0.0,
409,7.42,4.81,5.37,5.74,0.407,0,3.68,0.16,
410,8.7,5.24,7.63,6.53,0.336,0,6.65,4.75,
411,6.12,7.76,10.49,6.92,0.592,1,0.22,7.11,
412,7.74,5.13,9.93,3.25,0.409,0,1.48,0.0,
413,8.02,4.66,7.26,2.43,0.2,0,9.15,6.86,
414,7.66,9.47,9.19,8.06,0.509,1,0.55,1.8,
415,6.56,4.5,4.51,6.16,0.441,0,4.75,3.55,
416,7.58,5.99,6.09,4.0,0.341,0,5.19,8.49,
417,6.53,6.53,6.95,8.6,0.564,1,3.61,1.6,
418,6.97,5.7,6.36,5.73,0.421,0,5.59,3.51,
419,5.7,8.44,7.98,7.86,0.593,1,1.12,0.0,
420,7.0,6.02,6.6,5.64,0.341,0,4.68,0.0,
421,6.69,7.66,5.58,9.62,0.619,1,2.28,0.66,
422,4.77,8.21,9.61,9.01,0.715,1,5.27,0.0,
423,7.13,4.45,5.31,5.0,0.332,0,0.66,5.31,
424,5.57,4.72,7.93,7.44,0.506,1,4.59,2.78,
425,7.66,4.15,10.43,6.79,0.374,0,0.83,4.12,
426,4.51,3.35,6.18,8.24,0.55,1,1.55,0.1,
427,6.87,7.51,3.22,3.57,0.346,0,1.65,2.25,
428,6.82,4.09,6.9,6.87,0.429,0,0.8,5.26,
429,7.78,5.71,9.41,7.62,0.542,1,7.11,8.13,
430,7.84,3.38,8.94,1.98,0.231,0,2.56,0.11,
431,7.0,4.71,4.65,3.13,0.305,0,8.8,8.28,
432,9.95,4.79,6.82,1.42,0.112,0,9.49,5.48,
433,5.56,6.28,6.48,4.96,0.425,0,4.97,4.65,
434,4.22,4.9,7.31,6.94,0.514,1,0.39,3.62,
435,6.39,6.15,12.02,8.5,0.606,1,2.47,0.0,
436,6.3,5.68,5.01,5.65,0.384,0,7.13,0.0,
437,4.85,6.13,8.49,8.76,0.595,1,2.36,4.26,
438,8.39,6.51,7.36,2.74,0.325,0,0.46,2.86,
439,8.12,4.57,7.84,2.09,0.225,0,5.25,8.75,
440,6.32,6.26,7.43,5.39,0.351,0,7.64,2.99,
441,5.34,6.5,8.0,6.27,0.588,1,7.02,0.18,
442,7.74,6.93,6.81,5.43,0.465,0,0.94,6.06,
443,8.74,3.82,6.32,1.37,0.11,0,6.52,2.66,
444,6.8,3.18,6.29,5.32,0.392,0,1.41,4.19,
445,9.48,4.76,7.37,2.89,0.209,0,1.75,6.4,
446,5.38,4.76,6.87,6.84,0.493,0,7.71,7.63,
447,5.1,4.7,7.83,6.23,0.492,0,1.56,6.68,
448,6.72,5.33,6.66,3.62,0.324,0,2.09,6.04,
449,7.11,6.65,8.8,4.47,0.361,0,0.0,5.9,
450,7.73,4.38,6.43,3.38,0.248,0,8.2,8.78,
451,6.65,5.61,4.53,5.37,0.331,0,7.12,1.88,
452,6.63,8.52,10.02,7.41,0.517,1,5.16,0.0,
453,6.19,4.77,5.24,3.53,0.318,0,6.97,2.01,
454,7.99,9.51,7.07,6.51,0.43,0,0.54,0.88,
455,7.09,5.62,6.06,4.44,0.385,0,3.92,5.73,
456,8.44,1.92,8.33,3.91,0.345,0,2.93,5.55,
457,7.26,6.24,4.05,5.29,0.33,0,0.14,4.88,
458,7.93,4.94,11.31,3.43,0.36,0,4.35,0.0,
459,7.75,6.69,8.69,4.39,0.404,0,8.55,6.41,
460,8.02,5.25,6.9,3.1,0.307,0,0.0,2.61,
461,6.31,6.56,8.26,9.43,0.592,1,1.5,4.76,
462,8.16,3.39,7.33,5.57,0.382,0,1.24,4.45,
463,7.47,4.33,7.46,4.1,0.351,0,1.77,2.61,
464,7.43,4.1,8.06,5.93,0.335,0,8.2,0.16,
465,6.83,4.24,7.79,5.28,0.432,0,3.89,0.0,
466,8.42,5.91,7.28,5.06,0.399,0,3.9,7.3,
467,5.81,8.2,7.62,6.73,0.484,0,6.6,7.84,
468,8.2,6.4,7.49,7.02,0.441,0,0.49,5.09,
469,7.13,2.98,6.26,4.44,0.349,0,4.21,0.15,
470,5.76,5.41,8.6,4.35,0.402,0,3.65,3.15,
471,7.14,6.77,8.14,4.95,0.463,0,5.23,6.3,
472,7.52,2.49,1.21,1.0,0.231,0,9.85,7.6,
473,8.6,3.79,7.17,2.47,0.188,0,7.32,0.69,
474,5.38,6.32,8.3,8.23,0.5,0,2.74,0.0,
475,5.42,5.34,7.97,8.79,0.584,1,6.96,5.36,
476,5.11,5.97,6.56,5.0,0.473,0,0.96,2.57,
477,6.05,5.48,9.17,6.65,0.482,0,0.0,1.21,
478,4.24,6.08,8.86,6.12,0.603,1,1.13,0.0,
479,3.92,5.67,7.19,10.0,0.581,1,1.9,3.4,
480,6.94,5.44,8.36,7.74,0.531,1,3.94,6.96,
481,7.71,6.18,5.78,5.24,0.336,0,5.36,8.53,
482,7.85,3.88,4.41,3.59,0.34,0,8.57,4.94,
483,6.85,6.51,5.61,2.29,0.389,0,4.76,4.69,
484,6.68,4.76,8.48,5.91,0.393,0,4.13,0.0,
485,7.3,4.93,8.17,3.99,0.318,0,0.0,4.69,
486,6.54,5.46,7.25,2.66,0.359,0,0.0,3.27,
487,8.74,2.56,7.52,4.21,0.252,0,4.88,5.23,
488,8.38,1.69,6.86,3.34,0.228,0,3.88,3.22,
489,5.62,4.26,6.9,8.87,0.539,1,7.06,0.63,
490,6.35,7.8,8.63,7.26,0.437,0,0.52,0.0,
491,7.06,4.37,8.23,5.48,0.396,0,0.0,2.05,
492,3.92,10.22,9.78,8.46,0.657,1,3.22,0.0,
493,6.56,4.42,8.86,5.65,0.401,0,1.53,0.64,
494,6.68,4.79,7.72,3.78,0.42,0,0.0,9.12,
495,4.93,8.73,8.97,8.55,0.572,1,5.96,2.73,
496,6.25,8.64,9.55,6.58,0.576,1,0.13,4.0,
497,9.27,7.46,6.94,3.43,0.278,0,5.57,8.05,
498,7.61,6.86,5.99,5.12,0.363,0,2.04,8.93,
499,6.8,6.04,6.6,3.75,0.387,0,1.17,5.08,
500,8.25,4.98,5.31,2.73,0.257,0,3.39,7.58,
501,5.6,5.7,6.7,3.9,0.382,0,4.0,4.0,2026-02-07 11:09:17
502,8.0,5.0,6.0,6.0,0.37,0,7.0,7.0,2026-02-07 11:13:25
503,7.5,5.0,6.0,5.0,0.349,0,5.0,5.0,2026-02-07 15:00:34
504,7.5,5.0,6.0,6.3,0.395,0,5.0,5.0,2026-02-07 15:06:43
